Metric,ANOVA_F,ANOVA_p,ANOVA_significant_p<0.05,Kruskal_H,Kruskal_p,Kruskal_significant_p<0.05
PeakValue,1.9861328772571227,0.08140796859123305,False,11.745857089420383,0.03844104106586589,True
TroughValue,4.1420828089261335,0.0012592774605681206,True,17.676199739065396,0.0033808286894600457,True
